440hz,Rudall Carte Rockstro,Boehm1828,Martin Frere,Powell Conservatory
C,ok,ok,N/A,-1
C#,-2,-2,N/A,-1
D,-2,-4,-3,-2
D#,-2,-2,-1,-1
E,-2,ok,2,ok
F,-2,ok,ok,ok
F#,-1,-4,-4,ok
G,ok,-2,ok,ok
G#,ok,ok,ok,-1
A,ok,ok,2,ok
A#,ok,ok,2,ok
B,ok,-1,ok,ok
C',2,-6,-2,2
C'#,2,-7,-2,4
D',ok,*ok,*ok,1
D'#,-2,ok,ok,ok
E',-2,1,2,ok
F',-2,ok,1,ok
F'#,ok,ok,-4,ok
G',-1,ok,1,ok
G'#,ok,-2,2,-1
A',*ok,ok,1,*ok
A'#,ok,ok,1,-1
B',ok,-5,-2,-1
C'',ok,-6,2,ok
C''#,-3,2,5,ok
D'',-2,-2,2,ok
D''#,ok,ok,2,2
E'',ok,-2,ok,2
F'',ok,ok,5,1
F''#,1,2,-4,ok
G'',ok,-1,-2,ok
G''#,ok,-2,ok,2
A'',-2,ok,-1,ok
A''#,-2,4,1,-2
B'',1 (no d# key),7,6,-1
C''',6,6,2,6
